{"cameraMode":{"drawMode":0,"name":"Shaded","section":"Shading Mode"},"sceneLighting":false,"audioPlay":false,"sceneViewState":{"showFog":true,"showMaterialUpdate":true,"showSkybox":true,"showFlares":true,"showImageEffects":true,"showParticleSystems":true},"in2DMode":false,"pivot":{"x":417.2040710449219,"y":14.18881607055664,"z":143.90106201171876},"rotation":{"x":0.015666555613279344,"y":-0.9786956310272217,"z":0.08181550353765488,"w":0.18775059282779694},"size":65.44799041748047,"orthographic":false}