{"cameraMode":{"drawMode":0,"name":"Shaded","section":"Shading Mode"},"sceneLighting":false,"audioPlay":false,"sceneViewState":{"showFog":true,"showMaterialUpdate":false,"showSkybox":true,"showFlares":true,"showImageEffects":true,"showParticleSystems":true},"in2DMode":false,"pivot":{"x":-12.360431671142579,"y":-4.229070663452148,"z":34.04917907714844},"rotation":{"x":0.17306898534297944,"y":0.7359449863433838,"z":-0.20486459136009217,"w":0.6217026114463806},"size":50.8207893371582,"orthographic":false}