{"cameraMode":{"drawMode":0,"name":"Shaded","section":"Shading Mode"},"sceneLighting":false,"audioPlay":false,"sceneViewState":{"showFog":true,"showMaterialUpdate":false,"showSkybox":false,"showFlares":true,"showImageEffects":true,"showParticleSystems":true},"in2DMode":false,"pivot":{"x":-4.440891999238953e-18,"y":0.42675453424453738,"z":-0.015537330880761147},"rotation":{"x":0.146086648106575,"y":-0.4522441625595093,"z":0.07540687173604965,"w":0.8766146302223206},"size":22.0,"orthographic":false}