{"cameraMode":{"drawMode":0,"name":"Shaded","section":"Shading Mode"},"sceneLighting":false,"audioPlay":false,"sceneViewState":{"showFog":true,"showMaterialUpdate":false,"showSkybox":false,"showFlares":true,"showImageEffects":true,"showParticleSystems":true},"in2DMode":false,"pivot":{"x":-8.071529388427735,"y":-1.4720191955566407,"z":-9.087296485900879},"rotation":{"x":0.044340990483760837,"y":0.9553347229957581,"z":-0.19346654415130616,"w":0.21895527839660645},"size":24.706159591674806,"orthographic":false}