{"cameraMode":{"drawMode":0,"name":"Shaded","section":"Shading Mode"},"sceneLighting":false,"audioPlay":false,"sceneViewState":{"showFog":true,"showMaterialUpdate":false,"showSkybox":false,"showFlares":true,"showImageEffects":true,"showParticleSystems":true},"in2DMode":false,"pivot":{"x":0.0,"y":2.5809998512268068,"z":56.43000030517578},"rotation":{"x":0.014417769387364388,"y":-0.983287513256073,"z":0.1576734483242035,"w":0.08991953730583191},"size":17.561439514160158,"orthographic":false}