{"cameraMode":{"drawMode":0,"name":"Shaded","section":"Shading Mode"},"sceneLighting":false,"audioPlay":false,"sceneViewState":{"showFog":true,"showMaterialUpdate":false,"showSkybox":false,"showFlares":true,"showImageEffects":true,"showParticleSystems":true},"in2DMode":false,"pivot":{"x":0.20689868927001954,"y":1.278273105621338,"z":58.330013275146487},"rotation":{"x":0.04593290761113167,"y":-0.8774877786636353,"z":0.0858277752995491,"w":0.46961933374404909},"size":17.159841537475587,"orthographic":false}