{"cameraMode":{"drawMode":0,"name":"Shaded","section":"Shading Mode"},"sceneLighting":false,"audioPlay":false,"sceneViewState":{"showFog":true,"showMaterialUpdate":true,"showSkybox":true,"showFlares":true,"showImageEffects":true,"showParticleSystems":true},"in2DMode":false,"pivot":{"x":498.1349182128906,"y":100.80785369873047,"z":288.0155334472656},"rotation":{"x":-0.053430695086717609,"y":0.924990177154541,"z":-0.1420958936214447,"w":-0.3483719825744629},"size":23.453157424926759,"orthographic":false}