{"cameraMode":{"drawMode":0,"name":"Shaded","section":"Shading Mode"},"sceneLighting":false,"audioPlay":false,"sceneViewState":{"showFog":true,"showMaterialUpdate":false,"showSkybox":true,"showFlares":true,"showImageEffects":true,"showParticleSystems":true},"in2DMode":false,"pivot":{"x":344.7804260253906,"y":-306.1123352050781,"z":-15.701093673706055},"rotation":{"x":0.16577383875846864,"y":0.7419918179512024,"z":-0.19888870418071748,"w":0.6183955669403076},"size":811.8663940429688,"orthographic":false}