{"cameraMode":{"drawMode":0,"name":"Shaded","section":"Shading Mode"},"sceneLighting":false,"audioPlay":false,"sceneViewState":{"showFog":true,"showMaterialUpdate":false,"showSkybox":false,"showFlares":true,"showImageEffects":true,"showParticleSystems":true},"in2DMode":false,"pivot":{"x":0.7468560338020325,"y":-1.3362425565719605,"z":-0.3700321912765503},"rotation":{"x":0.16691678762435914,"y":0.8311969041824341,"z":-0.40473219752311709,"w":0.3427077829837799},"size":2.9461472034454347,"orthographic":false}