{"cameraMode":{"drawMode":0,"name":"Shaded","section":"Shading Mode"},"sceneLighting":false,"audioPlay":false,"sceneViewState":{"showFog":true,"showMaterialUpdate":false,"showSkybox":false,"showFlares":true,"showImageEffects":true,"showParticleSystems":true},"in2DMode":false,"pivot":{"x":288.89776611328127,"y":-57.75053405761719,"z":-119.30786895751953},"rotation":{"x":0.3828681409358978,"y":-0.6159518957138062,"z":0.4619837999343872,"w":0.5105290412902832},"size":836.617919921875,"orthographic":false}