{"cameraMode":{"drawMode":0,"name":"Shaded","section":"Shading Mode"},"sceneLighting":false,"audioPlay":false,"sceneViewState":{"showFog":true,"showMaterialUpdate":false,"showSkybox":false,"showFlares":true,"showImageEffects":true,"showParticleSystems":true},"in2DMode":false,"pivot":{"x":-0.008778572082519532,"y":0.6666164398193359,"z":0.48464834690093996},"rotation":{"x":0.003577527590095997,"y":0.996427059173584,"z":-0.061357490718364719,"w":0.058051496744155887},"size":5.7500834465026859,"orthographic":false}