{"cameraMode":{"drawMode":0,"name":"Shaded","section":"Shading Mode"},"sceneLighting":false,"audioPlay":false,"sceneViewState":{"showFog":true,"showMaterialUpdate":false,"showSkybox":false,"showFlares":true,"showImageEffects":true,"showParticleSystems":true},"in2DMode":false,"pivot":{"x":-41.51462936401367,"y":34.06523132324219,"z":133.86639404296876},"rotation":{"x":0.028444159775972368,"y":-0.9714783430099487,"z":0.17227084934711457,"w":0.16054554283618928},"size":367.1980895996094,"orthographic":false}