{"cameraMode":{"drawMode":0,"name":"Shaded","section":"Shading Mode"},"sceneLighting":false,"audioPlay":false,"sceneViewState":{"showFog":true,"showMaterialUpdate":false,"showSkybox":false,"showFlares":true,"showImageEffects":true,"showParticleSystems":true},"in2DMode":false,"pivot":{"x":-0.6109546422958374,"y":1.5492503643035889,"z":61.910037994384769},"rotation":{"x":0.011373368091881276,"y":0.6130625009536743,"z":-0.008828515186905861,"w":0.7899199724197388},"size":5.0311713218688969,"orthographic":false}