{"cameraMode":{"drawMode":0,"name":"Shaded","section":"Shading Mode"},"sceneLighting":false,"audioPlay":false,"sceneViewState":{"showFog":true,"showMaterialUpdate":false,"showSkybox":false,"showFlares":true,"showImageEffects":true,"showParticleSystems":true},"in2DMode":false,"pivot":{"x":-1.4509389400482178,"y":1.5361510515213013,"z":57.67094039916992},"rotation":{"x":-0.19604095816612245,"y":0.0808054730296135,"z":-0.01621721126139164,"w":-0.9771358370780945},"size":4.100515842437744,"orthographic":false}