{"cameraMode":{"drawMode":0,"name":"Shaded","section":"Shading Mode"},"sceneLighting":false,"audioPlay":false,"sceneViewState":{"showFog":true,"showMaterialUpdate":false,"showSkybox":false,"showFlares":true,"showImageEffects":true,"showParticleSystems":true},"in2DMode":false,"pivot":{"x":14.15999984741211,"y":2.065000057220459,"z":-3.194047212600708},"rotation":{"x":0.29532721638679507,"y":-0.2308790534734726,"z":0.07380303740501404,"w":0.9241664409637451},"size":50.60319900512695,"orthographic":false}