{"cameraMode":{"drawMode":0,"name":"Shaded","section":"Shading Mode"},"sceneLighting":false,"audioPlay":false,"sceneViewState":{"showFog":true,"showMaterialUpdate":false,"showSkybox":false,"showFlares":true,"showImageEffects":true,"showParticleSystems":true},"in2DMode":false,"pivot":{"x":0.0,"y":3.691535711288452,"z":0.000003814697265625},"rotation":{"x":0.22194448113441468,"y":0.13117103278636933,"z":-0.030146034434437753,"w":0.9657276272773743},"size":215.90281677246095,"orthographic":false}