{"cameraMode":{"drawMode":0,"name":"Shaded","section":"Shading Mode"},"sceneLighting":false,"audioPlay":false,"sceneViewState":{"showFog":true,"showMaterialUpdate":false,"showSkybox":false,"showFlares":true,"showImageEffects":true,"showParticleSystems":true},"in2DMode":false,"pivot":{"x":1.1385999917984009,"y":2.0185091495513918,"z":-0.03951278328895569},"rotation":{"x":0.16346348822116853,"y":0.5541697144508362,"z":-0.11204781383275986,"w":0.8084681630134583},"size":62.34770965576172,"orthographic":false}