{"cameraMode":{"drawMode":0,"name":"Shaded","section":"Shading Mode"},"sceneLighting":false,"audioPlay":false,"sceneViewState":{"showFog":true,"showMaterialUpdate":false,"showSkybox":false,"showFlares":true,"showImageEffects":true,"showParticleSystems":true},"in2DMode":false,"pivot":{"x":37.16847610473633,"y":-19.663766860961915,"z":1.0577679872512818},"rotation":{"x":0.10706625133752823,"y":0.7537194490432739,"z":-0.1269071251153946,"w":0.6358811259269714},"size":55.782901763916019,"orthographic":false}