{"cameraMode":{"drawMode":0,"name":"Shaded","section":"Shading Mode"},"sceneLighting":false,"audioPlay":false,"sceneViewState":{"showFog":true,"showMaterialUpdate":false,"showSkybox":false,"showFlares":true,"showImageEffects":true,"showParticleSystems":true},"in2DMode":false,"pivot":{"x":2.3999998569488527,"y":0.619999885559082,"z":59.34199523925781},"rotation":{"x":-0.011044480837881565,"y":-0.24699439108371736,"z":0.00281692948192358,"w":-0.9689562916755676},"size":40.985145568847659,"orthographic":true}