{"cameraMode":{"drawMode":0,"name":"Shaded","section":"Shading Mode"},"sceneLighting":false,"audioPlay":false,"sceneViewState":{"showFog":true,"showMaterialUpdate":false,"showSkybox":false,"showFlares":true,"showImageEffects":true,"showParticleSystems":true},"in2DMode":false,"pivot":{"x":-0.27754807472229006,"y":2.121631145477295,"z":-0.17622804641723634},"rotation":{"x":0.013885319232940674,"y":-0.37820300459861758,"z":0.0056732636876404289,"w":0.925603985786438},"size":11.86234188079834,"orthographic":false}