{"cameraMode":{"drawMode":0,"name":"Shaded","section":"Shading Mode"},"sceneLighting":false,"audioPlay":false,"sceneViewState":{"showFog":true,"showMaterialUpdate":false,"showSkybox":false,"showFlares":true,"showImageEffects":true,"showParticleSystems":true},"in2DMode":false,"pivot":{"x":0.0005950927734375,"y":-1.887486457824707,"z":-80.78711700439453},"rotation":{"x":-0.0416085422039032,"y":0.9574958682060242,"z":-0.22216978669166566,"w":-0.17928369343280793},"size":347.0783386230469,"orthographic":false}