{"cameraMode":{"drawMode":0,"name":"Shaded","section":"Shading Mode"},"sceneLighting":false,"audioPlay":false,"sceneViewState":{"showFog":true,"showMaterialUpdate":false,"showSkybox":true,"showFlares":true,"showImageEffects":true,"showParticleSystems":true},"in2DMode":false,"pivot":{"x":-5.903726577758789,"y":5.340787410736084,"z":-36.020912170410159},"rotation":{"x":-0.009893739596009255,"y":-0.7515259981155396,"z":-0.011273814365267754,"w":0.6595341563224793},"size":49.4460334777832,"orthographic":false}