{"cameraMode":{"drawMode":0,"name":"Shaded","section":"Shading Mode"},"sceneLighting":false,"audioPlay":false,"sceneViewState":{"showFog":true,"showMaterialUpdate":false,"showSkybox":false,"showFlares":true,"showImageEffects":true,"showParticleSystems":true},"in2DMode":false,"pivot":{"x":0.0000133514404296875,"y":0.1985158920288086,"z":0.17683029174804688},"rotation":{"x":0.047814179211854938,"y":0.6535519361495972,"z":-0.04143175482749939,"w":0.7542436122894287},"size":31.84872817993164,"orthographic":false}