{"cameraMode":{"drawMode":0,"name":"Shaded","section":"Shading Mode"},"sceneLighting":false,"audioPlay":false,"sceneViewState":{"showFog":true,"showMaterialUpdate":false,"showSkybox":true,"showFlares":true,"showImageEffects":true,"showParticleSystems":true},"in2DMode":false,"pivot":{"x":1380.535400390625,"y":356.15948486328127,"z":-69.62967681884766},"rotation":{"x":-0.22835831344127656,"y":0.009644069708883763,"z":-0.002271094359457493,"w":-0.9735496044158936},"size":1974.1865234375,"orthographic":false}