{"cameraMode":{"drawMode":0,"name":"Shaded","section":"Shading Mode"},"sceneLighting":false,"audioPlay":false,"sceneViewState":{"showFog":true,"showMaterialUpdate":false,"showSkybox":false,"showFlares":true,"showImageEffects":true,"showParticleSystems":true},"in2DMode":false,"pivot":{"x":-27.457061767578126,"y":4.4176506996154789,"z":60.89849853515625},"rotation":{"x":-0.041128866374492648,"y":0.7865726947784424,"z":-0.052698902785778049,"w":-0.6138776540756226},"size":0.7085556983947754,"orthographic":false}