{"cameraMode":{"drawMode":0,"name":"Shaded","section":"Shading Mode"},"sceneLighting":false,"audioPlay":false,"sceneViewState":{"showFog":true,"showMaterialUpdate":true,"showSkybox":true,"showFlares":true,"showImageEffects":true,"showParticleSystems":true},"in2DMode":false,"pivot":{"x":38.198280334472659,"y":5.078519821166992,"z":-174.27993774414063},"rotation":{"x":-0.04928666353225708,"y":-0.9497730135917664,"z":0.2399676889181137,"w":-0.1946474015712738},"size":36.70454025268555,"orthographic":false}