{"cameraMode":{"drawMode":0,"name":"Shaded","section":"Shading Mode"},"sceneLighting":false,"audioPlay":false,"sceneViewState":{"showFog":true,"showMaterialUpdate":false,"showSkybox":true,"showFlares":true,"showImageEffects":true,"showParticleSystems":true},"in2DMode":false,"pivot":{"x":-0.4923539459705353,"y":3.491086959838867,"z":5.493412017822266},"rotation":{"x":-0.0766645073890686,"y":-0.6667736172676086,"z":0.06925809383392334,"w":-0.7380645275115967},"size":21.198240280151368,"orthographic":false}