{"cameraMode":{"drawMode":0,"name":"Shaded","section":"Shading Mode"},"sceneLighting":false,"audioPlay":false,"sceneViewState":{"showFog":true,"showMaterialUpdate":false,"showSkybox":false,"showFlares":true,"showImageEffects":true,"showParticleSystems":true},"in2DMode":false,"pivot":{"x":-2.1623282432556154,"y":-0.25277066230773928,"z":-1.462881326675415},"rotation":{"x":0.13972191512584687,"y":-0.6505440473556519,"z":0.12339304387569428,"w":0.736270010471344},"size":7.1700029373168949,"orthographic":false}