{"cameraMode":{"drawMode":0,"name":"Shaded","section":"Shading Mode"},"sceneLighting":false,"audioPlay":false,"sceneViewState":{"showFog":true,"showMaterialUpdate":false,"showSkybox":true,"showFlares":true,"showImageEffects":true,"showParticleSystems":true},"in2DMode":false,"pivot":{"x":939.2786865234375,"y":599.3426513671875,"z":-53.10219192504883},"rotation":{"x":0.15774834156036378,"y":-0.1883447766304016,"z":0.030660973861813546,"w":0.9688804149627686},"size":22.0,"orthographic":false}