{"cameraMode":{"drawMode":0,"name":"Shaded","section":"Shading Mode"},"sceneLighting":false,"audioPlay":false,"sceneViewState":{"showFog":true,"showMaterialUpdate":false,"showSkybox":true,"showFlares":true,"showImageEffects":true,"showParticleSystems":true},"in2DMode":false,"pivot":{"x":671.6834716796875,"y":100.33969116210938,"z":-2804.382568359375},"rotation":{"x":0.042798105627298358,"y":-0.8104103803634644,"z":0.059672798961400989,"w":0.5812482237815857},"size":3353.6826171875,"orthographic":false}