{"cameraMode":{"drawMode":0,"name":"Shaded","section":"Shading Mode"},"sceneLighting":false,"audioPlay":false,"sceneViewState":{"showFog":true,"showMaterialUpdate":false,"showSkybox":false,"showFlares":true,"showImageEffects":true,"showParticleSystems":true},"in2DMode":false,"pivot":{"x":-37.96916198730469,"y":-6.749095916748047,"z":-29.16265869140625},"rotation":{"x":-0.00018355117936152965,"y":-0.9917061924934387,"z":0.12864460051059724,"w":-0.0012119566090404988},"size":95.1127700805664,"orthographic":false}