{"cameraMode":{"drawMode":0,"name":"Shaded","section":"Shading Mode"},"sceneLighting":false,"audioPlay":false,"sceneViewState":{"showFog":true,"showMaterialUpdate":true,"showSkybox":false,"showFlares":true,"showImageEffects":true,"showParticleSystems":true},"in2DMode":false,"pivot":{"x":13.211298942565918,"y":16.333023071289064,"z":-22.11132049560547},"rotation":{"x":-0.11820119619369507,"y":0.5946707129478455,"z":-0.08898907154798508,"w":-0.7902191281318665},"size":55.08112335205078,"orthographic":false}