{"cameraMode":{"drawMode":0,"name":"Shaded","section":"Shading Mode"},"sceneLighting":false,"audioPlay":false,"sceneViewState":{"showFog":true,"showMaterialUpdate":false,"showSkybox":false,"showFlares":true,"showImageEffects":true,"showParticleSystems":true},"in2DMode":false,"pivot":{"x":-22.660858154296876,"y":13.875443458557129,"z":-5.574563026428223},"rotation":{"x":0.02505021169781685,"y":-0.717587411403656,"z":0.025844356045126916,"w":0.695539116859436},"size":5.990891933441162,"orthographic":false}