{"cameraMode":{"drawMode":0,"name":"Shaded","section":"Shading Mode"},"sceneLighting":false,"audioPlay":false,"sceneViewState":{"showFog":true,"showMaterialUpdate":false,"showSkybox":false,"showFlares":true,"showImageEffects":true,"showParticleSystems":true},"in2DMode":false,"pivot":{"x":-2.1307525634765627,"y":-0.327362060546875,"z":-128.16708374023438},"rotation":{"x":0.003577527590095997,"y":0.996427059173584,"z":-0.061357490718364719,"w":0.058051496744155887},"size":474.94073486328127,"orthographic":false}