{"cameraMode":{"drawMode":0,"name":"Shaded","section":"Shading Mode"},"sceneLighting":false,"audioPlay":false,"sceneViewState":{"showFog":true,"showMaterialUpdate":false,"showSkybox":false,"showFlares":true,"showImageEffects":true,"showParticleSystems":true},"in2DMode":false,"pivot":{"x":-8.66314697265625,"y":0.48564720153808596,"z":11.513864517211914},"rotation":{"x":0.027917882427573205,"y":-0.36554962396621706,"z":0.010969586670398713,"w":0.9303109645843506},"size":23.494197845458986,"orthographic":false}