{"cameraMode":{"drawMode":0,"name":"Shaded","section":"Shading Mode"},"sceneLighting":false,"audioPlay":false,"sceneViewState":{"showFog":true,"showMaterialUpdate":false,"showSkybox":true,"showFlares":true,"showImageEffects":true,"showParticleSystems":true},"in2DMode":false,"pivot":{"x":-10.247483253479004,"y":0.8280977606773377,"z":3.8358078002929689},"rotation":{"x":0.013885319232940674,"y":-0.37820300459861758,"z":0.0056732636876404289,"w":0.925603985786438},"size":145.90264892578126,"orthographic":false}