{"cameraMode":{"drawMode":0,"name":"Shaded","section":"Shading Mode"},"sceneLighting":false,"audioPlay":false,"sceneViewState":{"showFog":true,"showMaterialUpdate":false,"showSkybox":false,"showFlares":true,"showImageEffects":true,"showParticleSystems":true},"in2DMode":false,"pivot":{"x":3.4761745929718019,"y":4.061002731323242,"z":-3.0042433738708498},"rotation":{"x":0.09232660382986069,"y":-0.6987939476966858,"z":0.09170570969581604,"w":0.7034127116203308},"size":13.74952220916748,"orthographic":false}