{"cameraMode":{"drawMode":0,"name":"Shaded","section":"Shading Mode"},"sceneLighting":false,"audioPlay":false,"sceneViewState":{"showFog":true,"showMaterialUpdate":false,"showSkybox":false,"showFlares":true,"showImageEffects":true,"showParticleSystems":true},"in2DMode":false,"pivot":{"x":10.3831205368042,"y":-3.8321423530578615,"z":55.428314208984378},"rotation":{"x":0.13657329976558686,"y":0.7621728181838989,"z":-0.1708371341228485,"w":0.6093113422393799},"size":15.946590423583985,"orthographic":false}