{"cameraMode":{"drawMode":0,"name":"Shaded","section":"Shading Mode"},"sceneLighting":false,"audioPlay":false,"sceneViewState":{"showFog":true,"showMaterialUpdate":false,"showSkybox":false,"showFlares":true,"showImageEffects":true,"showParticleSystems":true},"in2DMode":false,"pivot":{"x":159.31646728515626,"y":24.624460220336915,"z":381.4520263671875},"rotation":{"x":-0.007173830643296242,"y":0.9880346059799194,"z":-0.04895917698740959,"w":-0.1462191939353943},"size":17.62516975402832,"orthographic":false}