{"cameraMode":{"drawMode":0,"name":"Shaded","section":"Shading Mode"},"sceneLighting":false,"audioPlay":false,"sceneViewState":{"showFog":true,"showMaterialUpdate":false,"showSkybox":true,"showFlares":true,"showImageEffects":true,"showParticleSystems":true},"in2DMode":false,"pivot":{"x":131.431640625,"y":64.69937896728516,"z":204.46295166015626},"rotation":{"x":-0.14800593256950379,"y":0.7771546840667725,"z":-0.19885753095149995,"w":-0.5784429907798767},"size":606.7186279296875,"orthographic":false}