{"cameraMode":{"drawMode":0,"name":"Shaded","section":"Shading Mode"},"sceneLighting":false,"audioPlay":false,"sceneViewState":{"showFog":true,"showMaterialUpdate":false,"showSkybox":false,"showFlares":true,"showImageEffects":true,"showParticleSystems":true},"in2DMode":false,"pivot":{"x":-0.16117942333221436,"y":3.3765344619750978,"z":-7.021328449249268},"rotation":{"x":0.21415352821350099,"y":-0.03896063193678856,"z":0.008548765443265438,"w":0.9759857654571533},"size":0.5876790285110474,"orthographic":false}