{"cameraMode":{"drawMode":0,"name":"Shaded","section":"Shading Mode"},"sceneLighting":false,"audioPlay":false,"sceneViewState":{"showFog":true,"showMaterialUpdate":false,"showSkybox":false,"showFlares":true,"showImageEffects":true,"showParticleSystems":true},"in2DMode":false,"pivot":{"x":0.00000762939453125,"y":-0.40364739298820498,"z":-0.0000152587890625},"rotation":{"x":-0.23730115592479707,"y":-0.7188258171081543,"z":0.291716992855072,"w":-0.5848070383071899},"size":407.8079528808594,"orthographic":false}