{"cameraMode":{"drawMode":0,"name":"Shaded","section":"Shading Mode"},"sceneLighting":false,"audioPlay":false,"sceneViewState":{"showFog":true,"showMaterialUpdate":false,"showSkybox":true,"showFlares":true,"showImageEffects":true,"showParticleSystems":true},"in2DMode":false,"pivot":{"x":1364.936767578125,"y":79.25069427490235,"z":257.9822082519531},"rotation":{"x":0.003986241761595011,"y":-0.9891490936279297,"z":0.14433754980564118,"w":0.02731863223016262},"size":3140.8291015625,"orthographic":false}