{"cameraMode":{"drawMode":0,"name":"Shaded","section":"Shading Mode"},"sceneLighting":false,"audioPlay":false,"sceneViewState":{"showFog":true,"showMaterialUpdate":false,"showSkybox":false,"showFlares":true,"showImageEffects":true,"showParticleSystems":true},"in2DMode":false,"pivot":{"x":-2.7158823013305666,"y":-4.53996467590332,"z":77.0859146118164},"rotation":{"x":0.14179039001464845,"y":-0.05610894411802292,"z":0.008049651980400086,"w":0.9882779121398926},"size":29.897842407226564,"orthographic":false}