{"cameraMode":{"drawMode":0,"name":"Shaded","section":"Shading Mode"},"sceneLighting":false,"audioPlay":false,"sceneViewState":{"showFog":true,"showMaterialUpdate":false,"showSkybox":true,"showFlares":true,"showImageEffects":true,"showParticleSystems":true},"in2DMode":false,"pivot":{"x":384.4681701660156,"y":2.163137197494507,"z":243.6313934326172},"rotation":{"x":0.2523457109928131,"y":-0.3339400589466095,"z":0.09331177920103073,"w":0.9034006595611572},"size":54.94558334350586,"orthographic":false}