{"cameraMode":{"drawMode":0,"name":"Shaded","section":"Shading Mode"},"sceneLighting":false,"audioPlay":false,"sceneViewState":{"showFog":true,"showMaterialUpdate":true,"showSkybox":true,"showFlares":true,"showImageEffects":true,"showParticleSystems":true},"in2DMode":false,"pivot":{"x":413.7155456542969,"y":1.7939859628677369,"z":-46.71335983276367},"rotation":{"x":0.2334151715040207,"y":0.18397553265094758,"z":-0.04492431879043579,"w":0.9537416696548462},"size":247.40049743652345,"orthographic":false}