{"cameraMode":{"drawMode":0,"name":"Shaded","section":"Shading Mode"},"sceneLighting":false,"audioPlay":false,"sceneViewState":{"showFog":true,"showMaterialUpdate":false,"showSkybox":false,"showFlares":true,"showImageEffects":true,"showParticleSystems":true},"in2DMode":false,"pivot":{"x":0.0028048548847436907,"y":-0.001341434195637703,"z":0.034401215612888339},"rotation":{"x":0.01080254651606083,"y":0.7558474540710449,"z":-0.012469780631363392,"w":0.6545685529708862},"size":6.503515243530273,"orthographic":false}