{"cameraMode":{"drawMode":0,"name":"Shaded","section":"Shading Mode"},"sceneLighting":false,"audioPlay":false,"sceneViewState":{"showFog":true,"showMaterialUpdate":false,"showSkybox":false,"showFlares":true,"showImageEffects":true,"showParticleSystems":true},"in2DMode":false,"pivot":{"x":5.772130966186523,"y":-4.946457862854004,"z":44.01506805419922},"rotation":{"x":0.02866562269628048,"y":0.970956027507782,"z":-0.1812019646167755,"w":0.15360476076602937},"size":22.779327392578126,"orthographic":false}