{"cameraMode":{"drawMode":0,"name":"Shaded","section":"Shading Mode"},"sceneLighting":false,"audioPlay":false,"sceneViewState":{"showFog":true,"showMaterialUpdate":false,"showSkybox":false,"showFlares":true,"showImageEffects":true,"showParticleSystems":true},"in2DMode":false,"pivot":{"x":-0.009664550423622132,"y":0.05495321750640869,"z":0.16004735231399537},"rotation":{"x":0.06830620765686035,"y":0.615742564201355,"z":-0.0537053681910038,"w":0.783144474029541},"size":1.456646203994751,"orthographic":false}