{"cameraMode":{"drawMode":0,"name":"Shaded","section":"Shading Mode"},"sceneLighting":false,"audioPlay":false,"sceneViewState":{"showFog":true,"showMaterialUpdate":false,"showSkybox":false,"showFlares":true,"showImageEffects":true,"showParticleSystems":true},"in2DMode":false,"pivot":{"x":-24.304574966430665,"y":4.000000476837158,"z":-132.2493438720703},"rotation":{"x":-0.19251808524131776,"y":0.4171381890773773,"z":-0.09081986546516419,"w":-0.8835937976837158},"size":20.59440040588379,"orthographic":false}