{"cameraMode":{"drawMode":0,"name":"Shaded","section":"Shading Mode"},"sceneLighting":false,"audioPlay":false,"sceneViewState":{"showFog":true,"showMaterialUpdate":false,"showSkybox":false,"showFlares":true,"showImageEffects":true,"showParticleSystems":true},"in2DMode":false,"pivot":{"x":-0.04739952087402344,"y":-0.32537412643432619,"z":1.3338260650634766},"rotation":{"x":0.09044896066188812,"y":0.8145197629928589,"z":-0.13212347030639649,"w":0.5576031804084778},"size":24.706159591674806,"orthographic":false}