{"cameraMode":{"drawMode":0,"name":"Shaded","section":"Shading Mode"},"sceneLighting":false,"audioPlay":false,"sceneViewState":{"showFog":true,"showMaterialUpdate":false,"showSkybox":false,"showFlares":true,"showImageEffects":true,"showParticleSystems":true},"in2DMode":false,"pivot":{"x":-0.049057602882385257,"y":2.228544235229492,"z":0.09544157981872559},"rotation":{"x":0.003577527590095997,"y":0.996427059173584,"z":-0.061357490718364719,"w":0.058051496744155887},"size":11.013026237487793,"orthographic":false}