{"cameraMode":{"drawMode":0,"name":"Shaded","section":"Shading Mode"},"sceneLighting":false,"audioPlay":false,"sceneViewState":{"showFog":true,"showMaterialUpdate":false,"showSkybox":false,"showFlares":true,"showImageEffects":true,"showParticleSystems":true},"in2DMode":false,"pivot":{"x":0.011142611503601075,"y":2.2934274673461916,"z":-0.01831197738647461},"rotation":{"x":0.003577527590095997,"y":0.996427059173584,"z":-0.061357490718364719,"w":0.058051496744155887},"size":12.915384292602539,"orthographic":false}