{"cameraMode":{"drawMode":0,"name":"Shaded","section":"Shading Mode"},"sceneLighting":false,"audioPlay":false,"sceneViewState":{"showFog":true,"showMaterialUpdate":false,"showSkybox":false,"showFlares":true,"showImageEffects":true,"showParticleSystems":true},"in2DMode":false,"pivot":{"x":7.423486232757568,"y":13.883462905883789,"z":-12.399541854858399},"rotation":{"x":0.36858078837394717,"y":-0.2617020905017853,"z":0.10895789414644242,"w":0.8853247165679932},"size":1.0686242580413819,"orthographic":false}