{"cameraMode":{"drawMode":0,"name":"Shaded","section":"Shading Mode"},"sceneLighting":false,"audioPlay":false,"sceneViewState":{"showFog":true,"showMaterialUpdate":false,"showSkybox":false,"showFlares":true,"showImageEffects":true,"showParticleSystems":true},"in2DMode":false,"pivot":{"x":2.7672042846679689,"y":-0.1890583038330078,"z":-82.24585723876953},"rotation":{"x":-0.0416085422039032,"y":0.9574958682060242,"z":-0.22216978669166566,"w":-0.17928369343280793},"size":321.28656005859377,"orthographic":false}