{"cameraMode":{"drawMode":0,"name":"Shaded","section":"Shading Mode"},"sceneLighting":false,"audioPlay":false,"sceneViewState":{"showFog":true,"showMaterialUpdate":false,"showSkybox":false,"showFlares":true,"showImageEffects":true,"showParticleSystems":true},"in2DMode":false,"pivot":{"x":-36.795833587646487,"y":4.228445053100586,"z":-0.5381039381027222},"rotation":{"x":0.028444159775972368,"y":-0.9714783430099487,"z":0.17227084934711457,"w":0.16054554283618928},"size":22.756092071533204,"orthographic":false}