{"cameraMode":{"drawMode":0,"name":"Shaded","section":"Shading Mode"},"sceneLighting":false,"audioPlay":false,"sceneViewState":{"showFog":true,"showMaterialUpdate":false,"showSkybox":true,"showFlares":true,"showImageEffects":true,"showParticleSystems":true},"in2DMode":false,"pivot":{"x":23.63037109375,"y":5.2146687507629398,"z":70.89165496826172},"rotation":{"x":0.10157597064971924,"y":-0.3399193286895752,"z":0.036988887935876849,"w":0.934256374835968},"size":7.001507759094238,"orthographic":false}