{"cameraMode":{"drawMode":0,"name":"Shaded","section":"Shading Mode"},"sceneLighting":false,"audioPlay":false,"sceneViewState":{"showFog":true,"showMaterialUpdate":false,"showSkybox":false,"showFlares":true,"showImageEffects":true,"showParticleSystems":true},"in2DMode":false,"pivot":{"x":-6.857935428619385,"y":1.8632609844207764,"z":1.7197890281677247},"rotation":{"x":0.019078044220805169,"y":-0.7072746157646179,"z":0.019101083278656007,"w":0.7064248323440552},"size":20.43189239501953,"orthographic":false}