{"cameraMode":{"drawMode":0,"name":"Shaded","section":"Shading Mode"},"sceneLighting":false,"audioPlay":false,"sceneViewState":{"showFog":true,"showMaterialUpdate":false,"showSkybox":true,"showFlares":true,"showImageEffects":true,"showParticleSystems":true},"in2DMode":false,"pivot":{"x":23.973608016967775,"y":1.6717020273208619,"z":74.75462341308594},"rotation":{"x":-0.17157012224197389,"y":-0.3192259669303894,"z":0.05887749046087265,"w":-0.9301797151565552},"size":22.0,"orthographic":false}