{"cameraMode":{"drawMode":0,"name":"Shaded","section":"Shading Mode"},"sceneLighting":false,"audioPlay":false,"sceneViewState":{"showFog":true,"showMaterialUpdate":false,"showSkybox":false,"showFlares":true,"showImageEffects":true,"showParticleSystems":true},"in2DMode":false,"pivot":{"x":76.19706726074219,"y":114.30216979980469,"z":-73.56829833984375},"rotation":{"x":0.33806300163269045,"y":-0.44022294878959658,"z":0.18347814679145814,"w":0.8113656640052795},"size":138.83181762695313,"orthographic":false}