{"cameraMode":{"drawMode":0,"name":"Shaded","section":"Shading Mode"},"sceneLighting":false,"audioPlay":false,"sceneViewState":{"showFog":true,"showMaterialUpdate":false,"showSkybox":false,"showFlares":true,"showImageEffects":true,"showParticleSystems":true},"in2DMode":false,"pivot":{"x":-0.048506058752536777,"y":0.11054074764251709,"z":0.5837246179580689},"rotation":{"x":0.03761876001954079,"y":-0.9516880512237549,"z":0.2757229208946228,"w":0.12983772158622743},"size":0.23454704880714417,"orthographic":false}