{"cameraMode":{"drawMode":0,"name":"Shaded","section":"Shading Mode"},"sceneLighting":false,"audioPlay":false,"sceneViewState":{"showFog":true,"showMaterialUpdate":true,"showSkybox":true,"showFlares":true,"showImageEffects":true,"showParticleSystems":true},"in2DMode":false,"pivot":{"x":327.7403259277344,"y":-104.90226745605469,"z":332.00372314453127},"rotation":{"x":-0.20160134136676789,"y":0.132348895072937,"z":-0.027506263926625253,"w":-0.9700968861579895},"size":461.2670593261719,"orthographic":false}