{"cameraMode":{"drawMode":0,"name":"Shaded","section":"Shading Mode"},"sceneLighting":false,"audioPlay":false,"sceneViewState":{"showFog":true,"showMaterialUpdate":false,"showSkybox":false,"showFlares":true,"showImageEffects":true,"showParticleSystems":true},"in2DMode":false,"pivot":{"x":0.39713621139526369,"y":-0.21291542053222657,"z":1.1223629713058472},"rotation":{"x":-0.18021517992019654,"y":0.056045856326818469,"z":-0.01027320884168148,"w":-0.981995701789856},"size":2.089121103286743,"orthographic":false}