{"cameraMode":{"drawMode":0,"name":"Shaded","section":"Shading Mode"},"sceneLighting":false,"audioPlay":false,"sceneViewState":{"showFog":true,"showMaterialUpdate":false,"showSkybox":false,"showFlares":true,"showImageEffects":true,"showParticleSystems":true},"in2DMode":false,"pivot":{"x":0.09487462043762207,"y":2.4906911849975588,"z":0.037317752838134769},"rotation":{"x":0.013885319232940674,"y":-0.37820300459861758,"z":0.0056732636876404289,"w":0.925603985786438},"size":11.287830352783204,"orthographic":false}