{"cameraMode":{"drawMode":0,"name":"Shaded","section":"Shading Mode"},"sceneLighting":false,"audioPlay":false,"sceneViewState":{"showFog":true,"showMaterialUpdate":false,"showSkybox":false,"showFlares":true,"showImageEffects":true,"showParticleSystems":true},"in2DMode":false,"pivot":{"x":2.2138867378234865,"y":1.4940053224563599,"z":57.001041412353519},"rotation":{"x":0.16748376190662385,"y":-0.8010155558586121,"z":0.26234015822410586,"w":0.5113869309425354},"size":3.012019157409668,"orthographic":false}