{"cameraMode":{"drawMode":0,"name":"Shaded","section":"Shading Mode"},"sceneLighting":false,"audioPlay":false,"sceneViewState":{"showFog":true,"showMaterialUpdate":false,"showSkybox":true,"showFlares":true,"showImageEffects":true,"showParticleSystems":true},"in2DMode":false,"pivot":{"x":652.264404296875,"y":-149.90304565429688,"z":255.7362518310547},"rotation":{"x":-0.1592966765165329,"y":-0.7841898202896118,"z":0.2246493697166443,"w":-0.5560691356658936},"size":1090.8505859375,"orthographic":false}