{"cameraMode":{"drawMode":0,"name":"Shaded","section":"Shading Mode"},"sceneLighting":false,"audioPlay":false,"sceneViewState":{"showFog":true,"showMaterialUpdate":false,"showSkybox":false,"showFlares":true,"showImageEffects":true,"showParticleSystems":true},"in2DMode":false,"pivot":{"x":-39.29999923706055,"y":4.980621337890625,"z":-1.309999942779541},"rotation":{"x":-0.02700091525912285,"y":-0.9721469283103943,"z":0.18444041907787324,"w":-0.14217670261859895},"size":8.00207805633545,"orthographic":false}