{"cameraMode":{"drawMode":0,"name":"Shaded","section":"Shading Mode"},"sceneLighting":false,"audioPlay":false,"sceneViewState":{"showFog":true,"showMaterialUpdate":true,"showSkybox":true,"showFlares":true,"showImageEffects":true,"showParticleSystems":true},"in2DMode":false,"pivot":{"x":-299.6643371582031,"y":149.57940673828126,"z":50.730777740478519},"rotation":{"x":-0.24146538972854615,"y":-0.5211036205291748,"z":0.15654709935188294,"w":-0.8035220503807068},"size":315.0649719238281,"orthographic":false}