{"cameraMode":{"drawMode":0,"name":"Shaded","section":"Shading Mode"},"sceneLighting":false,"audioPlay":false,"sceneViewState":{"showFog":true,"showMaterialUpdate":false,"showSkybox":false,"showFlares":true,"showImageEffects":true,"showParticleSystems":true},"in2DMode":false,"pivot":{"x":2.715238332748413,"y":-0.9107136130332947,"z":2.962916374206543},"rotation":{"x":0.11564069986343384,"y":0.6613088846206665,"z":-0.10421905666589737,"w":0.7337828278541565},"size":35.4909553527832,"orthographic":false}