{"cameraMode":{"drawMode":0,"name":"Shaded","section":"Shading Mode"},"sceneLighting":false,"audioPlay":false,"sceneViewState":{"showFog":true,"showMaterialUpdate":false,"showSkybox":false,"showFlares":true,"showImageEffects":true,"showParticleSystems":true},"in2DMode":false,"pivot":{"x":0.1584380865097046,"y":2.3129873275756838,"z":0.051508307456970218},"rotation":{"x":0.003577527590095997,"y":0.996427059173584,"z":-0.061357490718364719,"w":0.058051496744155887},"size":11.237974166870118,"orthographic":false}