{"cameraMode":{"drawMode":0,"name":"Shaded","section":"Shading Mode"},"sceneLighting":false,"audioPlay":false,"sceneViewState":{"showFog":true,"showMaterialUpdate":true,"showSkybox":false,"showFlares":true,"showImageEffects":true,"showParticleSystems":true},"in2DMode":false,"pivot":{"x":6.249995708465576,"y":3.124999761581421,"z":-2.500004291534424},"rotation":{"x":-0.11820119619369507,"y":0.5946707129478455,"z":-0.08898907154798508,"w":-0.7902191281318665},"size":24.49083137512207,"orthographic":false}