{"cameraMode":{"drawMode":0,"name":"Shaded","section":"Shading Mode"},"sceneLighting":false,"audioPlay":false,"sceneViewState":{"showFog":true,"showMaterialUpdate":false,"showSkybox":false,"showFlares":true,"showImageEffects":true,"showParticleSystems":true},"in2DMode":false,"pivot":{"x":-0.04999995231628418,"y":2.011000156402588,"z":57.792999267578128},"rotation":{"x":-0.00012338635860942304,"y":-0.999668300151825,"z":0.02549680508673191,"w":-0.004804483149200678},"size":7.267289161682129,"orthographic":false}