{"cameraMode":{"drawMode":0,"name":"Shaded","section":"Shading Mode"},"sceneLighting":false,"audioPlay":false,"sceneViewState":{"showFog":true,"showMaterialUpdate":false,"showSkybox":false,"showFlares":true,"showImageEffects":true,"showParticleSystems":true},"in2DMode":false,"pivot":{"x":261.4975280761719,"y":857.540771484375,"z":23.013568878173829},"rotation":{"x":0.10541411489248276,"y":0.8776153326034546,"z":-0.2259623110294342,"w":0.40941718220710757},"size":9.81313705444336,"orthographic":false}