{"cameraMode":{"drawMode":0,"name":"Shaded","section":"Shading Mode"},"sceneLighting":false,"audioPlay":false,"sceneViewState":{"showFog":true,"showMaterialUpdate":false,"showSkybox":true,"showFlares":true,"showImageEffects":true,"showParticleSystems":true},"in2DMode":false,"pivot":{"x":333.82666015625,"y":-78.38371276855469,"z":655.8162841796875},"rotation":{"x":0.07811661064624787,"y":-0.05238799750804901,"z":0.004145186860114336,"w":0.9955604076385498},"size":709.7410888671875,"orthographic":false}