{"cameraMode":{"drawMode":0,"name":"Shaded","section":"Shading Mode"},"sceneLighting":false,"audioPlay":false,"sceneViewState":{"showFog":true,"showMaterialUpdate":true,"showSkybox":false,"showFlares":true,"showImageEffects":true,"showParticleSystems":true},"in2DMode":false,"pivot":{"x":42.996360778808597,"y":19.83647346496582,"z":-10.558192253112793},"rotation":{"x":-0.24669615924358369,"y":0.6463422775268555,"z":-0.23339352011680604,"w":-0.6832869052886963},"size":29.71038818359375,"orthographic":false}