{"cameraMode":{"drawMode":0,"name":"Shaded","section":"Shading Mode"},"sceneLighting":false,"audioPlay":false,"sceneViewState":{"showFog":true,"showMaterialUpdate":false,"showSkybox":false,"showFlares":true,"showImageEffects":true,"showParticleSystems":true},"in2DMode":false,"pivot":{"x":-79.01065063476563,"y":0.4502253532409668,"z":29.908960342407228},"rotation":{"x":0.028444159775972368,"y":-0.9714783430099487,"z":0.17227084934711457,"w":0.16054554283618928},"size":11.223576545715332,"orthographic":false}