{"cameraMode":{"drawMode":0,"name":"Shaded","section":"Shading Mode"},"sceneLighting":false,"audioPlay":false,"sceneViewState":{"showFog":true,"showMaterialUpdate":false,"showSkybox":false,"showFlares":true,"showImageEffects":true,"showParticleSystems":true},"in2DMode":false,"pivot":{"x":19.0853271484375,"y":-4.040472507476807,"z":-0.5671647787094116},"rotation":{"x":0.13914106786251069,"y":0.4742172658443451,"z":-0.0761929526925087,"w":0.8659988641738892},"size":35.4909553527832,"orthographic":false}