{"cameraMode":{"drawMode":0,"name":"Shaded","section":"Shading Mode"},"sceneLighting":false,"audioPlay":false,"sceneViewState":{"showFog":true,"showMaterialUpdate":false,"showSkybox":false,"showFlares":true,"showImageEffects":true,"showParticleSystems":true},"in2DMode":false,"pivot":{"x":0.22029876708984376,"y":0.25086021423339846,"z":0.5574665069580078},"rotation":{"x":-0.010050398297607899,"y":-0.9638686776161194,"z":0.263648122549057,"w":-0.03674324229359627},"size":44.55675506591797,"orthographic":false}