{"cameraMode":{"drawMode":0,"name":"Shaded","section":"Shading Mode"},"sceneLighting":false,"audioPlay":false,"sceneViewState":{"showFog":true,"showMaterialUpdate":false,"showSkybox":false,"showFlares":true,"showImageEffects":true,"showParticleSystems":true},"in2DMode":false,"pivot":{"x":-15.699284553527832,"y":-7.108416557312012,"z":-25.644508361816408},"rotation":{"x":-0.0004909150884486735,"y":0.9993917942047119,"z":-0.030299007892608644,"w":-0.01674938201904297},"size":164.69398498535157,"orthographic":false}