{"cameraMode":{"drawMode":0,"name":"Shaded","section":"Shading Mode"},"sceneLighting":false,"audioPlay":false,"sceneViewState":{"showFog":true,"showMaterialUpdate":false,"showSkybox":true,"showFlares":true,"showImageEffects":true,"showParticleSystems":true},"in2DMode":false,"pivot":{"x":132.90431213378907,"y":-182.5937957763672,"z":475.96856689453127},"rotation":{"x":0.19942982494831086,"y":-0.2521909177303314,"z":0.05320978909730911,"w":0.9454149007797241},"size":610.1314086914063,"orthographic":false}