{"cameraMode":{"drawMode":0,"name":"Shaded","section":"Shading Mode"},"sceneLighting":false,"audioPlay":false,"sceneViewState":{"showFog":true,"showMaterialUpdate":false,"showSkybox":true,"showFlares":true,"showImageEffects":true,"showParticleSystems":true},"in2DMode":false,"pivot":{"x":-108.31932067871094,"y":-46.371986389160159,"z":14.686385154724121},"rotation":{"x":0.3350338637828827,"y":-0.4753587543964386,"z":0.2021026611328125,"w":0.7880371809005737},"size":261.42645263671877,"orthographic":false}