{"cameraMode":{"drawMode":0,"name":"Shaded","section":"Shading Mode"},"sceneLighting":false,"audioPlay":false,"sceneViewState":{"showFog":true,"showMaterialUpdate":false,"showSkybox":true,"showFlares":true,"showImageEffects":true,"showParticleSystems":true},"in2DMode":false,"pivot":{"x":-210.04086303710938,"y":162.80259704589845,"z":94.08734893798828},"rotation":{"x":0.1656971126794815,"y":0.83221834897995,"z":-0.33110976219177248,"w":0.41269442439079287},"size":57.85728454589844,"orthographic":false}